,City,Cloudiness,Country,Date,Humidity,Lat,Lng,Max Temp,Wind Speed
0,Salinas,1,US,1603932753,44,36.68,-121.66,71.6,9.17
1,Gardabani,85,GE,1603933043,83,41.46,45.09,52.32,1.83
2,Ostrovnoy,99,RU,1603932996,88,68.05,39.51,39.52,18.14
3,Isiro,76,CD,1603933044,97,2.77,27.62,67.96,1.1
4,Tommot,89,RU,1603933044,92,58.96,126.29,10.33,0.81
5,Rikitea,100,PF,1603933044,81,-23.12,-134.97,74.98,11.65
6,Ribeira Grande,64,PT,1603933044,86,38.52,-28.7,67.64,21.21
7,Bambous Virieux,39,MU,1603933044,73,-20.34,57.76,71.01,1.99
8,Busselton,0,AU,1603932998,38,-33.65,115.33,69.01,11.79
9,Punta Arenas,98,CL,1603932994,70,-53.15,-70.92,46.0,18.99
10,Dingle,2,PH,1603933045,79,11.0,122.67,83.84,6.51
11,Ushuaia,100,AR,1603932930,86,-54.8,-68.3,39.27,4.36
12,Rawson,0,AR,1603933042,56,-43.3,-65.1,48.78,5.55
13,College,0,US,1603933045,83,64.86,-147.8,19.0,1.97
14,Vostok,100,RU,1603933045,98,46.49,135.88,29.79,10.45
15,The Pas,0,CA,1603933018,89,53.83,-101.25,18.79,1.9
16,Faanui,3,PF,1603932775,80,-16.48,-151.75,79.72,15.88
17,Hithadhoo,0,MV,1603933045,74,-0.6,73.08,83.19,11.14
18,Vao,0,NC,1603933045,75,-22.67,167.48,72.9,16.46
19,Saint-Philippe,0,RE,1603932992,64,-21.36,55.77,69.8,5.82
20,Seoul,73,KR,1603932757,36,37.57,126.98,54.19,2.68
21,Nikolskoye,100,RU,1603933046,97,59.7,30.79,45.0,7.72
22,Ahipara,100,NZ,1603933046,81,-35.17,173.17,65.5,4.59
23,Sivas Province,0,TR,1603933046,50,39.79,37.0,48.22,1.43
24,Castro,0,BR,1603932942,48,-24.79,-50.01,63.34,2.59
25,Izhmorskiy,100,RU,1603933046,96,56.19,86.64,21.58,14.54
26,Lebu,0,CL,1603933002,74,-37.62,-73.65,49.35,19.89
27,Cidreira,0,BR,1603933046,88,-30.18,-50.21,65.55,4.56
28,Bluff,72,NZ,1603933046,75,-46.6,168.33,60.01,5.01
29,Lompoc,1,US,1603933047,17,34.64,-120.46,71.6,12.75
30,Port Lincoln,44,AU,1603933047,66,-34.73,135.87,60.94,21.63
31,Shelburne,100,CA,1603933046,68,44.08,-80.2,41.0,9.69
32,Kapaa,78,US,1603932992,59,22.08,-159.32,78.01,10.83
33,Leningradskiy,91,RU,1603933047,90,69.38,178.42,19.08,11.5
34,Henties Bay,78,NA,1603933020,89,-22.12,14.28,57.99,3.0
35,Ubari,0,LY,1603933047,45,26.59,12.78,61.79,9.53
36,Hobart,25,AU,1603932906,58,-42.88,147.33,69.01,1.99
37,Huejúcar,0,MX,1603933047,48,22.35,-103.22,62.17,6.08
38,Yulara,0,AU,1603933048,11,-25.24,130.99,91.63,17.4
39,Barretos,3,BR,1603933048,75,-20.56,-48.57,76.46,5.99
40,Ponta do Sol,65,PT,1603933048,81,32.67,-17.1,63.0,3.0
41,Cherskiy,93,RU,1603933048,95,68.75,161.3,6.26,4.56
42,Bathsheba,100,BB,1603933048,82,13.22,-59.52,80.89,24.54
43,Jamestown,100,US,1603933048,91,42.1,-79.24,44.01,1.01
44,Barrow,75,US,1603932878,62,71.29,-156.79,23.0,5.97
45,Namatanai,87,PG,1603933031,66,-3.67,152.43,86.25,1.68
46,Tura,0,IN,1603933045,89,25.52,90.22,71.06,3.69
47,Samoded,95,RU,1603933049,91,63.61,40.51,42.22,8.08
48,Esperance,0,AU,1603933049,54,-33.87,121.9,61.92,11.63
49,Biritiba-Mirim,0,BR,1603933049,26,-23.57,-46.04,78.01,1.88
50,Rutland,40,US,1603933049,87,43.62,-73.02,46.4,4.7
51,Portland,22,US,1603932782,72,45.52,-122.68,62.01,0.6
52,Yanacancha,100,PE,1603933050,77,-10.24,-76.65,45.72,2.66
53,Bredasdorp,100,ZA,1603933050,59,-34.53,20.04,62.6,2.24
54,Port Alfred,99,ZA,1603933050,84,-33.59,26.89,67.19,0.94
55,George Town,100,MY,1603933009,88,5.41,100.34,80.01,5.99
56,Sturgis,1,US,1603933050,65,41.8,-85.42,44.6,4.34
57,Thompson,100,CA,1603932834,90,55.74,-97.86,13.26,4.43
58,Tongchuanshi,4,CN,1603933050,75,35.08,109.09,49.41,1.79
59,Mahébourg,59,MU,1603933051,73,-20.41,57.7,71.01,1.99
60,Guerrero Negro,0,MX,1603933051,54,27.98,-114.06,67.8,13.65
61,Muzhi,100,RU,1603933051,98,65.37,64.67,26.94,13.89
62,Talnakh,0,RU,1603933051,74,69.49,88.4,-0.42,5.99
63,Auki,100,SB,1603933051,69,-8.77,160.7,84.6,2.73
64,Mataura,62,NZ,1603932992,75,-46.19,168.86,60.01,5.01
65,Xinmin,0,CN,1603933051,50,41.99,122.83,44.2,4.12
66,Butaritari,100,KI,1603933052,73,3.07,172.79,81.46,5.03
67,Trivandrum,6,IN,1603933052,84,8.48,76.92,76.3,4.52
68,Saskylakh,93,RU,1603933052,90,71.92,114.08,1.51,8.84
69,Mossamedes,25,AO,1603932921,84,-15.2,12.15,69.42,3.27
70,Vaini,10,TO,1603932997,72,-21.2,-175.2,73.15,19.89
71,Ati,0,TD,1603933052,18,13.22,18.34,83.08,11.56
72,Katherine,0,AU,1603933052,31,-14.47,132.27,93.16,5.66
73,Mānsa,0,IN,1603933052,31,29.98,75.38,61.0,1.79
74,Bataiporã,88,BR,1603933052,64,-22.3,-53.27,78.15,4.09
75,Tacoronte,90,ES,1603933052,77,28.48,-16.41,69.01,10.29
76,Kaitangata,93,NZ,1603933053,88,-46.28,169.85,52.0,13.0
77,Hilo,99,US,1603933053,83,19.73,-155.09,79.0,1.01
78,Chimoio,0,MZ,1603933053,94,-19.12,33.48,60.08,2.51
79,Albany,100,US,1603932907,94,42.6,-73.97,45.0,3.65
80,Puerto Ayora,58,EC,1603932995,92,-0.74,-90.35,68.0,1.01
81,Ukwā,100,IN,1603933053,70,21.97,80.47,63.19,2.15
82,Mildura,99,AU,1603932997,34,-34.2,142.15,74.32,8.99
83,Mpongwe,92,ZM,1603933053,54,-13.51,28.16,67.71,6.33
84,Port Elizabeth,95,ZA,1603932997,93,-33.92,25.57,61.0,1.99
85,Golyshmanovo,100,RU,1603933054,96,56.4,68.37,32.7,11.03
86,Trincomalee,76,LK,1603933054,81,8.57,81.23,78.4,9.48
87,East London,100,ZA,1603933054,83,-33.02,27.91,68.47,1.68
88,Amahai,100,ID,1603933054,77,-3.33,128.92,81.19,10.94
89,Lubao,100,PH,1603933054,75,14.92,120.55,82.11,3.94
90,Changping,100,CN,1603933054,45,40.22,116.22,57.99,0.56
91,Hermanus,100,ZA,1603933000,74,-34.42,19.23,61.0,10.94
92,Hofn,100,IS,1603933054,81,64.25,-15.21,44.24,26.91
93,Río Gallegos,91,AR,1603933055,64,-51.62,-69.22,48.13,36.48
94,Sept-Îles,100,CA,1603932972,74,50.2,-66.38,30.2,3.36
95,Atuona,3,PF,1603932851,73,-9.8,-139.03,77.81,13.02
96,Pevek,99,RU,1603933055,95,69.7,170.31,20.57,17.34
97,Tripoli,20,LY,1603932962,60,32.88,13.19,69.01,11.81
98,Rivadavia,0,AR,1603932807,33,-33.19,-68.46,63.45,8.52
99,Aranos,80,NA,1603933055,38,-24.13,19.12,75.79,5.86
100,Hasaki,0,JP,1603933055,63,35.73,140.83,68.0,5.01
101,Mana,17,GF,1603933056,80,5.66,-53.78,81.46,12.46
102,Tuktoyaktuk,98,CA,1603932993,97,69.45,-133.04,20.97,22.06
103,Bereket,64,TM,1603933056,48,39.24,55.52,43.9,19.35
104,Delta del Tigre,99,UY,1603933056,63,-34.76,-56.39,61.0,5.01
105,Husavik,20,IS,1603933027,90,66.04,-17.34,41.0,6.93
106,Arona,91,ES,1603933056,63,28.1,-16.68,71.01,7.23
107,Avarua,50,CK,1603933056,81,-21.21,-159.78,72.99,19.26
108,Naze,44,JP,1603933057,70,28.37,129.48,72.59,7.11
109,Kruisfontein,100,ZA,1603933057,93,-34.0,24.73,61.0,1.99
110,Kloulklubed,21,PW,1603933057,74,7.04,134.26,84.51,11.97
111,Olafsvik,77,IS,1603933057,71,64.89,-23.71,42.1,27.04
112,General Roca,100,AR,1603933057,32,-39.03,-67.58,58.78,5.61
113,Torbay,100,CA,1603933057,84,47.67,-52.73,35.01,3.36
114,Provideniya,100,RU,1603933057,90,64.38,-173.3,27.18,2.48
115,Upernavik,97,GL,1603933057,84,72.79,-56.15,13.17,11.56
116,Green River,1,US,1603933057,45,41.53,-109.47,46.4,4.7
117,Guánica,1,PR,1603933058,73,17.97,-66.91,77.0,5.55
118,Youghal,100,IE,1603933058,93,51.95,-7.85,51.01,7.0
119,Shimoda,0,JP,1603933058,65,34.67,138.95,64.99,1.01
120,Khanbari,0,NP,1603933058,42,27.37,87.2,63.27,4.14
121,Sungai Penuh,89,ID,1603933058,71,-2.08,101.38,73.99,0.45
122,Adrar,0,MR,1603933058,18,20.5,-10.07,77.97,10.29
123,Rovnoye,23,RU,1603933058,74,50.78,46.05,37.36,8.97
124,Arman',100,RU,1603933058,82,59.7,150.17,32.38,3.67
125,Gambēla,9,ET,1603933059,79,8.25,34.58,70.75,4.83
126,Saint George,1,US,1603932815,16,37.1,-113.58,64.4,10.29
127,Ol'ga,0,RU,1603933059,64,43.74,135.29,41.23,15.35
128,Mackay,0,AU,1603933059,24,-21.15,149.2,89.01,6.26
129,Bubaque,0,GW,1603933059,77,11.28,-15.83,83.17,11.45
130,Vila Velha,56,BR,1603932958,83,-20.33,-40.29,82.0,14.07
131,Lata,0,PT,1603933059,94,40.16,-8.33,55.99,2.15
132,Oranjestad,4,AW,1603933060,76,12.52,-70.03,83.62,17.47
133,Hualmay,48,PE,1603933060,81,-11.1,-77.61,63.54,9.4
134,Yellowknife,98,CA,1603933060,97,62.46,-114.35,23.0,4.23
135,Natá,100,PA,1603933060,84,8.33,-80.52,73.99,1.45
136,São Filipe,0,CV,1603933017,78,14.9,-24.5,79.83,3.18
137,Lundazi,8,ZM,1603932995,66,-12.29,33.18,66.2,7.18
138,Kenai,0,US,1603933060,85,60.55,-151.26,34.0,3.0
139,Laas,100,IT,1603933003,100,46.62,10.7,43.0,2.06
140,Kuusamo,100,FI,1603933061,92,65.97,29.18,41.7,11.16
141,Carnarvon,34,AU,1603933061,45,-24.87,113.63,77.2,9.1
142,Lüderitz,100,NA,1603933061,69,-26.65,15.16,59.56,14.5
143,Urengoy,0,RU,1603933061,88,65.97,78.37,-4.18,4.97
144,Novoye Leushino,0,RU,1603933061,91,56.81,40.51,37.09,6.85
145,Evensk,0,RU,1603933061,78,61.95,159.23,26.53,5.48
146,Mar del Plata,0,AR,1603933061,64,-38.0,-57.56,54.0,5.01
147,San Quintín,0,MX,1603933061,49,30.48,-115.95,65.95,9.75
148,Bethel,100,US,1603933027,96,41.37,-73.41,50.0,4.88
149,San Jose,5,US,1603933034,25,37.34,-121.89,73.4,6.93
150,Lagoa,1,PT,1603933062,79,39.05,-27.98,65.98,11.79
151,Dunedin,99,NZ,1603933037,88,-45.87,170.5,52.0,11.41
152,Kirakira,100,SB,1603933049,68,-10.45,161.92,85.62,11.83
153,Okhotsk,100,RU,1603933062,88,59.38,143.3,28.87,8.16
154,Saint Paul Harbor,52,US,1603932626,70,57.79,-152.41,40.26,4.0
155,Kununurra,0,AU,1603933062,37,-15.77,128.73,93.11,4.41
156,Bam,0,IR,1603933062,29,29.11,58.36,59.97,12.28
157,Gorgan,63,IR,1603933063,57,36.84,54.43,62.55,0.98
158,Avera,100,US,1603932945,89,33.19,-82.53,75.99,12.84
159,Cockburn Town,1,TC,1603933063,75,21.46,-71.14,82.87,21.32
160,Puri,0,IN,1603933063,62,19.8,85.85,74.05,10.51
161,Half Moon Bay,1,US,1603932953,68,37.46,-122.43,64.4,3.36
162,Kiryat Gat,25,IL,1603932871,100,31.61,34.76,75.0,5.82
163,Nabire,39,ID,1603932889,55,-3.37,135.48,87.62,4.16
164,Bushehr,0,IR,1603933063,57,28.97,50.84,75.11,3.42
165,Souillac,89,MU,1603932811,73,-20.52,57.52,71.01,4.0
166,Florø,100,NO,1603933064,91,61.6,5.03,46.0,4.0
167,Padang,100,ID,1603933064,61,-0.95,100.35,82.18,0.65
168,Shemgang,0,BT,1603933064,41,27.22,90.66,53.49,6.85
169,Dubna,0,RU,1603933064,94,56.73,37.17,40.37,5.95
170,Vanimo,100,PG,1603933064,60,-2.67,141.3,88.45,2.04
171,Hearst,0,CA,1603933064,79,49.68,-83.67,24.8,4.7
172,Klaksvík,66,FO,1603933064,83,62.23,-6.59,48.13,16.96
173,Pokhara,0,NP,1603933065,30,28.23,83.98,61.77,4.9
174,Inhambane,33,MZ,1603933065,87,-23.86,35.38,72.36,10.33
175,Pisco,0,PE,1603933065,86,-13.7,-76.22,63.0,14.0
176,Taihecun,0,CN,1603933065,75,45.8,130.85,35.91,14.47
177,Norman Wells,88,CA,1603933065,96,65.28,-126.83,17.8,2.82
178,Pangnirtung,45,CA,1603933065,80,66.15,-65.71,8.74,4.5
179,North Bend,0,US,1603933065,10,43.41,-124.22,64.99,3.0
180,New Norfolk,42,AU,1603933065,54,-42.78,147.06,69.01,1.01
181,Khatanga,0,RU,1603933066,87,71.97,102.5,-0.83,8.03
182,Chokurdakh,42,RU,1603932995,91,70.63,147.92,-4.09,7.92
183,Dunkwa,34,GH,1603933066,97,5.97,-1.78,72.61,1.32
184,Egvekinot,7,RU,1603933010,88,66.32,-179.17,16.59,4.79
185,Alugan,100,PH,1603933066,73,12.22,125.48,84.09,11.07
186,Yarmouth,100,US,1603933066,82,41.71,-70.23,54.0,15.26
187,Ordzhonīkīdze,0,KZ,1603933066,90,52.44,61.74,30.43,8.21
188,Beringovskiy,20,RU,1603933016,91,63.05,179.32,27.19,11.45
189,Vuktyl,100,RU,1603933067,95,63.86,57.31,39.83,17.02
190,Wangaratta,3,AU,1603933067,66,-36.37,146.33,68.0,3.0
191,Chui,55,UY,1603933067,80,-33.7,-53.46,56.28,10.4
192,Kahului,10,US,1603933067,68,20.89,-156.47,81.0,4.0
193,Pauini,86,BR,1603932874,71,-7.71,-66.98,79.93,2.75
194,Khovd,0,MN,1603933067,83,48.01,91.64,31.82,5.66
195,Simbahan,9,PH,1603933067,77,6.3,120.58,83.64,8.14
196,Caxias do Sul,0,BR,1603933067,91,-29.17,-51.18,60.01,0.98
197,Marabu,50,MY,1603933004,83,4.41,114.01,82.0,8.01
198,Palu,100,ID,1603933068,59,-0.89,119.87,86.7,2.35
199,Walvis Bay,54,NA,1603932994,89,-22.96,14.51,57.99,3.0
200,Meulaboh,100,ID,1603933068,79,4.14,96.13,78.13,4.27
201,Hervey Bay,0,AU,1603933068,69,-25.3,152.85,74.88,8.37
202,Iqaluit,41,CA,1603932785,90,63.75,-68.51,9.01,3.6
203,Honningsvåg,73,NO,1603933068,76,70.98,25.97,39.69,13.82
204,Sobolevo,46,RU,1603933069,88,54.43,31.9,40.87,7.18
205,Scarborough,100,GB,1603933069,89,54.28,-0.4,46.0,3.0
206,Tārāpur,0,IN,1603933069,61,19.85,72.7,77.14,3.69
207,Tromsø,4,NO,1603933069,86,69.65,18.96,32.0,1.01
208,Sitka,2,US,1603933069,75,57.05,-135.33,43.38,2.21
209,Magnor,98,SE,1603933069,95,59.95,12.2,45.0,9.66
210,Arraial do Cabo,4,BR,1603933069,94,-22.97,-42.03,75.25,11.01
211,Cape Town,75,ZA,1603933029,87,-33.93,18.42,61.0,17.22
212,Krasnyy Yar,68,RU,1603933070,56,46.53,48.35,46.38,12.75
213,Batticaloa,100,LK,1603933070,82,7.71,81.69,78.49,7.02
214,Íos,31,GR,1603933070,78,36.73,25.28,66.0,5.01
215,Grindavik,100,IS,1603933070,68,63.84,-22.43,45.23,34.25
216,Nyurba,0,RU,1603933070,88,63.28,118.33,2.1,3.76
217,Tiksi,98,RU,1603933070,90,71.69,128.87,0.34,15.3
218,Salalah,13,OM,1603933070,69,17.02,54.09,78.8,2.71
219,Bud,1,US,1603933071,87,39.45,-86.18,50.0,4.18
220,Danielskuil,84,ZA,1603933071,33,-28.19,23.54,71.58,7.92
221,Camacha,85,PT,1603933071,94,33.08,-16.33,55.99,8.12
222,Luwuk,59,ID,1603933071,59,-0.95,122.79,85.55,3.89
223,Palora,100,EC,1603933071,91,-1.7,-77.93,70.57,1.86
224,Airai,73,TL,1603933001,55,-8.93,125.41,74.66,3.22
225,Encruzilhada do Sul,69,BR,1603933071,92,-30.54,-52.52,62.73,3.18
226,Tiznit Province,100,MA,1603933072,35,29.58,-9.5,69.28,3.36
227,Oddur,76,SO,1603933072,87,4.12,43.89,71.89,12.73
228,San Vicente,0,AR,1603933072,62,-26.62,-54.13,63.25,2.28
229,Inírida,80,CO,1603933023,90,3.87,-67.92,77.11,1.61
230,Fort Nelson,89,CA,1603933072,91,58.81,-122.7,31.17,0.74
231,Mahina,17,PF,1603933072,94,-17.51,-149.49,75.0,17.0
232,Zhigansk,10,RU,1603933011,90,66.77,123.37,-8.86,5.26
233,Cocobeach,75,GA,1603933072,100,1.0,9.58,77.0,8.05
234,Naliya,0,IN,1603933072,67,23.27,68.83,73.8,1.34
235,Makakilo City,0,US,1603933073,62,21.35,-158.09,84.0,11.99
236,La Palma,0,US,1603933047,42,33.85,-118.05,72.0,5.99
237,Kargat,91,RU,1603933073,94,55.2,80.28,19.72,12.55
238,Aranjuez,9,ES,1603933073,84,40.03,-3.6,54.0,1.99
239,Qaanaaq,7,GL,1603933073,73,77.48,-69.36,7.38,11.18
240,Loralai,0,PK,1603933073,39,30.37,68.6,49.33,4.54
241,Acapulco de Juárez,41,MX,1603933004,80,16.86,-99.89,80.67,6.26
242,Dikson,0,RU,1603933009,89,73.51,80.55,2.88,21.74
243,Garbolovo,86,RU,1603933074,97,60.34,30.5,45.0,9.26
244,Isangel,0,VU,1603933074,63,-19.55,169.27,79.02,14.88
245,Mahibadhoo,78,MV,1603933074,74,3.78,72.97,83.08,10.89
246,Sabang,100,ID,1603933074,74,5.89,95.32,82.49,18.05
247,San Patricio,0,US,1603933074,55,28.02,-97.52,63.0,4.79
248,Kichera,100,RU,1603933074,89,55.94,110.1,30.2,4.68
249,Ust-Kuyga,64,RU,1603933019,90,70.02,135.6,-6.65,3.58
250,Cauquenes,26,CL,1603933074,60,-35.97,-72.32,51.55,12.75
251,Pervomayskiy,0,RU,1603933075,66,53.25,40.29,32.0,7.54
252,Asău,73,RO,1603933075,94,46.43,26.4,48.0,4.38
253,Srednekolymsk,67,RU,1603933075,93,67.45,153.68,8.82,3.62
254,Baruun-Urt,6,MN,1603933075,61,46.68,113.28,35.71,12.21
255,Amapá,88,BR,1603932853,86,1.0,-52.0,75.58,2.89
256,Verāval,0,IN,1603933075,70,20.9,70.37,75.52,11.21
257,Tasiilaq,100,GL,1603933075,37,65.61,-37.64,33.8,19.46
258,Nizwá,0,OM,1603933075,46,22.93,57.53,61.57,1.97
259,Liverpool,16,GB,1603932919,73,53.41,-2.98,48.99,1.99
260,Sakakah,0,SA,1603933076,31,29.97,40.21,60.17,1.83
261,Berëzovka,100,BY,1603933076,85,53.72,25.5,51.55,7.34
262,Jalu,0,LY,1603933076,70,29.03,21.55,63.12,7.67
263,Elizabeth City,36,US,1603933076,95,36.29,-76.25,69.01,6.17
264,Chegdomyn,37,RU,1603933076,83,51.12,133.02,35.4,3.53
265,Tokur,83,RU,1603933076,93,53.13,132.9,28.58,2.53
266,Meadow Lake,0,US,1603933076,63,34.8,-106.54,42.01,1.77
267,Sibolga,100,ID,1603933077,66,1.74,98.78,81.9,1.59
268,Bom Jesus da Lapa,65,BR,1603933077,72,-13.26,-43.42,76.57,4.45
269,San Rafael,0,AR,1603933077,30,-34.62,-68.33,62.55,7.18
270,Severo-Kuril'sk,97,RU,1603933077,80,50.68,156.12,44.49,8.52
271,Chuguyevka,100,RU,1603933077,82,44.17,133.86,34.75,12.1
272,Kavaratti,24,IN,1603933077,73,10.57,72.64,81.72,5.66
273,Aksay,96,RU,1603933077,72,47.26,39.87,48.97,15.35
274,Strezhevoy,0,RU,1603933077,93,60.73,77.59,3.09,7.18
275,Westport,100,US,1603932963,98,41.14,-73.36,52.0,7.76
276,Cortes,2,ES,1603933078,69,41.94,-1.44,57.99,5.01
277,Kirkenær,100,NO,1603933078,94,60.46,12.06,44.01,5.01
278,Murdochville,100,CA,1603933078,63,48.96,-65.5,30.2,2.24
279,Ixtapa,38,MX,1603932860,84,20.7,-105.2,76.93,0.72
280,Mutoko,0,ZW,1603933078,57,-17.4,32.23,63.88,10.18
281,Geraldton,0,AU,1603932796,46,-28.77,114.6,77.0,5.01
282,Muravlenko,1,RU,1603933078,86,63.79,74.52,2.59,3.83
283,Rocha,3,UY,1603933078,72,-34.48,-54.33,55.31,12.73
284,Derzhavīnsk,81,KZ,1603933078,90,51.1,66.32,31.73,11.25
285,Ludvika,74,SE,1603933060,97,60.15,15.19,44.01,8.97
286,Mount Gambier,100,AU,1603933035,87,-37.83,140.77,55.47,4.21
287,Nouadhibou,100,MR,1603933039,63,20.93,-17.03,73.67,17.05
288,Shahdol,0,IN,1603933079,55,23.28,81.35,64.49,3.47
289,Vestmannaeyjar,45,IS,1603933079,78,63.44,-20.27,45.73,44.02
290,Coquimbo,0,CL,1603933079,71,-29.95,-71.34,56.08,2.55
291,Bandarbeyla,0,SO,1603933079,86,9.49,50.81,77.14,3.83
292,Richards Bay,60,ZA,1603933079,60,-28.78,32.04,76.55,18.92
293,Comodoro Rivadavia,0,AR,1603933024,35,-45.87,-67.5,57.87,13.0
294,Tabou,99,CI,1603932986,87,4.42,-7.35,77.76,5.14
295,Wakema,100,MM,1603933080,89,16.6,95.18,77.36,5.17
296,Rognan,45,NO,1603933080,89,67.1,15.39,36.0,4.03
297,Rong Kwang,100,TH,1603933080,91,18.34,100.32,71.42,1.5
298,Port Hardy,100,CA,1603933080,93,50.7,-127.42,52.95,7.96
299,Cascais,0,PT,1603933080,77,38.7,-9.42,62.01,5.1
300,Masuguru,25,TZ,1603933080,77,-11.37,38.42,74.28,4.63
301,Cabra,0,ES,1603933080,78,37.47,-4.44,57.0,3.0
302,Tautira,0,PF,1603933081,94,-17.73,-149.15,75.0,17.0
303,Vágur,0,FO,1603933081,88,61.47,-6.81,48.56,16.67
304,Boa Vista,100,BR,1603933081,71,2.82,-60.67,81.5,4.85
305,Caravelas,100,BR,1603933081,83,-17.71,-39.25,78.33,12.75
306,Alta Floresta,97,BR,1603933081,76,-9.88,-56.09,76.93,2.95
307,Tilichiki,0,RU,1603933057,87,60.47,166.1,26.26,5.53
308,George,100,ZA,1603933081,93,-33.96,22.46,59.0,3.36
309,Kutum,0,SD,1603933082,25,14.2,24.67,72.43,10.69
310,Constitución,0,CL,1603933036,67,-35.33,-72.42,54.1,12.37
311,Distrikt Brokopondo,92,SR,1603933082,78,4.75,-55.17,81.48,11.12
312,Broken Hill,10,AU,1603933082,30,-31.95,141.43,73.81,12.48
313,Khāsh,0,IR,1603933082,64,28.22,61.22,40.75,2.84
314,Tigre,0,AR,1603933082,82,-34.43,-58.58,57.0,7.92
315,Olinda,100,BR,1603932997,76,-8.01,-34.86,77.97,11.88
316,Białystok,76,PL,1603933082,92,53.13,23.15,51.01,5.06
317,Itarema,16,BR,1603933082,81,-2.92,-39.92,78.39,13.06
318,Codrington,100,AU,1603932983,70,-38.27,141.97,57.99,8.99
319,Coyhaique,33,CL,1603933083,85,-45.58,-72.07,37.83,6.55
320,Nome,71,US,1603933083,78,64.5,-165.41,32.0,3.0
321,Sambava,43,MG,1603933083,84,-14.27,50.17,74.1,11.23
322,Saint-Augustin,100,CA,1603933083,86,51.23,-58.65,28.81,9.22
323,Alofi,15,NU,1603932988,78,-19.06,-169.92,73.65,22.44
324,Potsdam,100,DE,1603933083,84,52.4,13.07,50.0,1.01
325,Buchanan,85,LR,1603933015,87,5.88,-10.05,77.79,2.04
326,Fare,27,PF,1603933083,78,-16.7,-151.02,80.91,15.35
327,Pochutla,73,MX,1603933083,89,15.74,-96.47,80.01,0.92
328,Vikhorevka,81,RU,1603933084,92,56.12,101.16,30.0,4.0
329,Soyo,100,AO,1603933084,87,-6.13,12.37,76.62,4.03
330,Tarakan,100,ID,1603932905,81,3.3,117.63,78.76,3.44
331,Ilebo,99,CD,1603933084,93,-4.32,20.58,69.91,1.97
332,Mitsamiouli,19,KM,1603933084,75,-11.38,43.28,78.33,8.75
333,Chapais,99,CA,1603933084,98,49.78,-74.85,30.22,9.33
334,Praia da Vitória,90,PT,1603933084,89,38.73,-27.07,66.99,5.99
335,Najrān,0,SA,1603933084,44,17.49,44.13,51.39,1.25
336,Hong Kong,95,HK,1603932799,69,22.29,114.16,78.01,4.0
337,Bengkulu,100,ID,1603933085,75,-3.8,102.27,79.45,3.42
338,Orange,0,US,1603933085,55,33.7,-117.77,71.01,1.01
339,Kamenka,0,RU,1603933085,82,51.32,42.77,33.89,9.64
340,Kano,0,NG,1603933085,23,12.0,8.52,76.14,4.83
341,Margate,36,GB,1603933085,75,51.38,1.39,51.01,1.99
342,Kalengwa,96,ZM,1603933085,55,-13.47,25.0,69.78,3.29
343,Arkadak,0,RU,1603933085,87,51.93,43.5,32.68,7.7
344,Kuril'sk,100,RU,1603933086,68,45.23,147.88,47.86,11.45
345,Omboué,99,GA,1603933030,92,-1.57,9.26,75.61,4.29
346,Havre-St-Pierre,100,CA,1603933086,73,50.23,-63.6,26.6,1.12
347,Uruguaiana,5,BR,1603933086,74,-29.75,-57.09,62.78,18.45
348,Gumdag,99,TM,1603933086,45,39.21,54.59,46.18,29.48
349,Tsogni,84,GA,1603933086,94,-2.79,10.1,74.79,3.38
350,Cabo San Lucas,64,MX,1603932824,64,22.89,-109.91,78.01,3.87
351,Batagay-Alyta,92,RU,1603933086,84,67.8,130.41,2.07,2.77
352,Kholbon,70,RU,1603933086,88,51.88,116.25,29.12,1.48
353,Krasnosel'kup,0,RU,1603933087,91,65.7,82.47,-1.12,10.09
354,Nizhniy Odes,100,RU,1603933087,86,63.64,54.86,41.04,17.92
355,Ancud,69,CL,1603933012,93,-41.87,-73.82,48.99,5.99
356,Lavrentiya,100,RU,1603933087,87,65.58,-171.0,27.39,3.06
357,Klyuchi,0,RU,1603933087,91,52.27,79.17,26.58,9.44
358,Grand Forks,75,US,1603933087,74,47.94,-97.43,30.2,13.87
359,Morón,0,AR,1603933030,94,-34.65,-58.62,57.0,7.4
360,Touros,83,BR,1603933087,74,-5.2,-35.46,78.28,12.73
361,Trairi,68,BR,1603933088,81,-3.28,-39.27,78.6,10.63
362,Maralal,87,KE,1603933088,93,1.1,36.7,59.67,8.7
363,Nsoko,0,SZ,1603933088,91,-27.03,31.95,67.41,3.11
364,Karratha,1,AU,1603933088,58,-20.74,116.85,80.91,7.02
365,Kita,95,ML,1603932822,23,13.03,-9.49,73.04,1.34
366,Saint-Pierre,0,RE,1603933088,64,-21.34,55.48,69.8,5.82
367,Oyonnax,100,FR,1603933088,93,46.26,5.66,53.01,3.0
368,Lanzhou,0,CN,1603933088,78,36.06,103.79,45.0,2.59
369,Mentougou,100,CN,1603933089,39,39.94,116.09,57.99,1.92
370,Tual,98,ID,1603933000,75,-5.67,132.75,82.06,6.49
371,Clyde River,100,CA,1603933089,90,70.47,-68.59,15.46,6.42
372,Mayo,100,US,1603933089,99,38.89,-76.51,66.0,3.91
373,Rancho Palos Verdes,0,US,1603933000,74,33.74,-118.39,68.0,3.0
374,Yazman,0,PK,1603933089,24,29.12,71.74,69.96,6.67
375,Havelock,92,US,1603933089,90,34.88,-76.9,72.0,5.12
376,Luganville,97,VU,1603933089,72,-15.53,167.17,81.16,16.69
377,Kanbe,99,MM,1603933090,90,16.71,96.0,77.27,5.17
378,Armilla,69,ES,1603933090,73,37.14,-3.62,52.0,1.99
379,Fremont,0,US,1603932901,46,37.55,-121.99,73.0,3.0
380,Mpulungu,98,ZM,1603933090,51,-8.76,31.11,77.52,5.37
381,La Ronge,100,CA,1603933090,96,55.1,-105.28,25.02,4.09
382,San Matías,89,BO,1603933090,86,-16.37,-58.4,77.99,9.06
383,Havøysund,98,NO,1603933090,76,71.0,24.66,39.13,8.7
384,Teya,100,RU,1603933090,94,60.38,92.63,19.29,11.12
385,Pangai,0,TO,1603933091,73,-19.8,-174.35,74.28,20.45
386,Inuvik,35,CA,1603933091,90,68.35,-133.72,13.59,8.12
387,Wewak,100,PG,1603933091,73,-3.55,143.63,84.27,1.74
388,Gay,0,RU,1603933091,89,51.47,58.46,32.02,7.18
389,Slantsy,86,RU,1603933091,94,59.12,28.09,45.64,7.9
390,Itupiranga,83,BR,1603933091,76,-5.13,-49.33,79.43,1.45
391,Faya,0,SA,1603932971,45,18.39,42.45,50.04,5.12
392,Xichang,76,CN,1603933092,68,27.9,102.26,60.91,1.5
393,Alice Springs,0,AU,1603933092,12,-23.7,133.88,89.29,14.58
394,Hamilton,100,US,1603933092,87,39.18,-84.53,53.01,1.01
395,Mergen,0,CN,1603933092,81,49.18,125.22,32.56,6.46
396,Shīeli,94,KZ,1603933092,91,44.17,66.75,29.34,5.99
397,Kavieng,99,PG,1603933092,66,-2.57,150.8,84.87,5.1
398,Zhuanghe,100,CN,1603933092,42,39.7,122.99,52.14,4.9
399,Fatsa,1,TR,1603932909,62,41.03,37.5,62.2,1.32
400,Tatarsk,0,RU,1603933093,97,55.22,75.98,21.31,7.99
401,Luau,100,AO,1603933093,97,-10.71,22.22,65.91,1.59
402,Sioux Lookout,90,CA,1603933093,92,50.1,-91.92,21.56,6.13
403,Shuiji,100,CN,1603933093,70,27.42,118.34,70.39,2.42
404,Otradnoye,100,RU,1603933093,95,59.78,30.82,45.0,8.08
405,Verkhoyansk,100,RU,1603933093,92,67.54,133.38,3.85,1.66
406,Esim,23,GH,1603933093,89,4.87,-2.24,77.02,5.75
407,Abu Kamal,0,SY,1603933093,26,34.45,40.92,64.65,4.27
408,Manta,100,EC,1603933094,84,-0.95,-80.73,71.96,11.05
409,Rafaela,0,AR,1603933094,55,-31.25,-61.49,55.0,5.01
410,Jardim,0,BR,1603933094,91,-21.48,-56.14,74.01,4.27
411,Burgeo,100,CA,1603933094,85,47.62,-57.62,33.26,7.07
412,Sur,0,OM,1603933002,61,22.57,59.53,69.82,3.69
413,Cabedelo,97,BR,1603933094,77,-6.98,-34.83,77.99,12.64
414,Waitati,96,NZ,1603933094,89,-45.75,170.57,52.0,23.0
415,Upata,2,VE,1603933094,88,8.01,-62.4,75.04,5.1
416,Narsaq,100,GL,1603932872,90,60.92,-46.05,31.6,1.57
417,Nishihara,87,JP,1603933028,69,26.18,127.76,78.01,11.01
418,Teknāf,40,BD,1603933095,85,20.86,92.31,77.97,3.96
419,Butembo,100,CD,1603933095,100,0.15,29.28,58.24,2.51
420,Navoiy,0,UZ,1603933095,80,40.08,65.38,32.65,9.17
421,Vardø,100,NO,1603933095,88,70.37,31.11,39.61,14.63
422,San Luis Potosí,0,MX,1603933095,79,22.5,-100.5,65.23,8.88
423,Onega,99,RU,1603933095,89,63.91,38.14,43.16,10.85
424,Huangnihe,0,CN,1603933095,65,43.56,128.02,37.06,10.71
425,Nioro,0,GM,1603933095,62,13.35,-15.75,75.43,5.91
426,Letka,100,RU,1603933095,94,59.6,49.42,35.87,7.36
427,Mudgere,0,IN,1603933096,90,13.13,75.63,61.45,3.6
428,Arti,49,RU,1603933096,91,56.42,58.53,29.86,13.13
429,Warrnambool,100,AU,1603933096,70,-38.38,142.48,57.99,8.99
430,Grand-Lahou,36,CI,1603933096,85,5.14,-5.02,76.84,4.29
431,Babol,0,IR,1603933096,87,36.55,52.68,62.33,2.75
432,Sémbé,100,CG,1603933096,94,1.65,14.58,70.61,2.68
433,La Plata,1,AR,1603933096,89,-34.92,-57.95,55.99,9.62
434,Aksarka,100,RU,1603933096,97,66.56,67.8,15.51,16.46
435,Glendive,90,US,1603933097,74,47.11,-104.71,37.4,5.82
436,Sørland,0,NO,1603933097,74,67.67,12.69,45.28,15.57
437,Badarpur,14,IN,1603933097,83,24.9,92.6,75.07,2.89
438,Iskateley,100,RU,1603933097,98,67.68,53.15,36.19,11.21
439,Broome,96,US,1603933097,100,42.25,-75.83,44.01,4.47
440,Owosso,1,US,1603933097,49,43.0,-84.18,46.4,6.93
441,Smithers,100,CA,1603932918,82,54.78,-127.17,37.58,1.61
442,Cilegon,100,ID,1603933097,74,-6.02,106.05,84.0,6.58
443,Dano,0,BF,1603933097,25,11.15,-3.07,75.7,2.17
444,Santa Cruz de la Sierra,84,BO,1603932965,54,-17.8,-63.17,83.57,10.56
445,Mandalgovi,0,MN,1603933098,61,45.76,106.27,37.26,13.69
446,Great Yarmouth,0,GB,1603933098,97,52.61,1.73,45.0,1.01
447,Fandriana,71,MG,1603933098,84,-20.23,47.38,55.4,3.51
448,Port Blair,11,IN,1603933098,77,11.67,92.75,81.01,3.0
449,Bukama,100,CD,1603933098,92,-9.2,25.85,70.11,3.38
450,Saint-Jean-de-Luz,47,FR,1603933098,92,43.39,-1.66,54.0,6.89
451,Pacific Grove,0,US,1603932870,80,36.62,-121.92,64.0,3.0
452,Catanzaro,4,IT,1603933099,95,38.89,16.6,52.0,1.01
453,Arlit,0,NE,1603933047,17,18.74,7.39,77.05,6.8
454,Doha,0,QA,1603932942,61,25.29,51.53,75.99,7.31
455,Harper,96,LR,1603933099,87,4.38,-7.72,77.72,5.79
456,Charlestown,17,AU,1603933099,96,-32.95,151.67,64.0,8.21
457,Batemans Bay,31,AU,1603932838,73,-35.72,150.18,64.99,3.0
458,Portsmouth,67,GB,1603932803,81,50.8,-1.09,53.01,1.99
459,Naraina,0,IN,1603933099,30,26.78,75.2,62.6,4.21
460,Gornopravdinsk,100,RU,1603933099,97,60.05,69.9,23.38,7.9
461,Haapiti,0,PF,1603933100,94,-17.57,-149.87,75.0,17.0
462,Mahon,0,ES,1603933100,70,39.89,4.27,65.95,9.78
463,Leshukonskoye,42,RU,1603933100,90,64.9,45.76,39.56,9.37
464,Bariloche,100,AR,1603932929,86,-41.15,-71.31,34.93,6.17
465,Sheregesh,100,RU,1603933100,97,52.92,87.99,23.27,10.2
466,Yaan,100,NG,1603933100,82,7.38,8.57,74.93,5.19
467,Yuzhno-Sukhokumsk,100,RU,1603933100,72,44.66,45.64,60.91,17.56
468,Katsuura,0,JP,1603933100,51,35.13,140.3,70.0,8.01
469,Mongo,22,TD,1603933100,26,12.18,18.69,82.33,6.33
470,Saint Anthony,1,US,1603933100,97,45.02,-93.22,42.8,4.7
471,Taoudenni,15,ML,1603933101,17,22.68,-3.98,80.49,13.27
472,Mfou,40,CM,1603933101,100,3.72,11.64,71.6,2.06
473,Port Macquarie,0,AU,1603933101,63,-31.43,152.92,75.0,1.01
474,Antofagasta,22,CL,1603932949,79,-23.65,-70.4,56.25,3.33
475,Yenagoa,100,NG,1603933101,92,4.92,6.26,76.33,3.31
476,Willowmore,92,ZA,1603933101,84,-33.29,23.49,57.81,1.54
477,Ust'-Barguzin,100,RU,1603933101,91,53.45,108.98,31.03,3.22
478,Port Hedland,0,AU,1603933040,64,-20.32,118.57,79.97,6.76
479,Nikol'sk,0,RU,1603933102,91,53.72,46.07,29.14,6.44
480,Bagaha,0,IN,1603933102,70,27.1,84.08,67.46,3.0
481,Cheremkhovo,100,RU,1603933102,95,53.16,103.07,32.88,11.88
482,Caucayá,100,CO,1603933102,85,-0.19,-74.78,78.28,2.82
483,Dashitou,0,CN,1603933102,63,43.31,128.51,37.8,14.12
484,Markova,43,UA,1603933102,70,48.68,24.41,45.21,4.09
485,Aklavik,83,CA,1603933024,86,68.22,-135.01,17.46,8.1
486,Il’inskiy,0,RU,1603933102,9,55.62,38.12,41.0,6.67
487,Kudahuvadhoo,97,MV,1603933103,78,2.67,72.89,82.56,11.7
488,Verkh-Chebula,100,RU,1603933103,94,56.03,87.62,24.13,16.15
489,Nsanje,1,MW,1603933103,79,-16.92,35.26,69.37,4.16
490,San Policarpo,100,PH,1603932883,74,12.18,125.51,84.11,11.56
491,Yokadouma,100,CM,1603933103,96,3.52,15.05,69.73,1.95
492,Pundaguitan,100,PH,1603933103,74,6.37,126.17,81.75,4.34
493,Devaprayāg,0,IN,1603933103,38,30.15,78.62,57.33,4.72
494,Baltiysk,100,RU,1603933104,87,54.65,19.91,46.0,4.0
495,Payo,92,ID,1603933104,82,-3.75,103.64,78.73,0.04
496,Saraza,7,PH,1603933104,62,8.74,117.78,86.11,4.36
497,Fundão,93,BR,1603933104,83,-19.93,-40.4,82.0,4.81
498,Mount Isa,0,AU,1603933018,14,-20.73,139.5,82.53,10.38
499,Kyra,56,RU,1603933104,83,49.58,111.98,31.57,1.01
500,Utkivka,0,UA,1603933104,65,49.79,36.08,46.0,8.99
501,Salinópolis,69,BR,1603933104,80,-0.61,-47.36,80.56,12.17
502,Arco,58,IT,1603932928,83,45.92,10.89,48.99,3.74
503,Slobodskoy,99,RU,1603933105,94,58.73,50.18,33.22,7.87
504,French Harbor,14,HN,1603933105,75,16.35,-86.43,84.15,23.33
505,Qasigiannguit,100,GL,1603933105,61,68.82,-51.19,14.0,5.82
506,Bundaberg,0,AU,1603932974,50,-24.85,152.35,80.96,7.31
507,Inta,100,RU,1603933105,96,66.03,60.17,36.88,15.21
508,Panguna,96,PG,1603933105,78,-6.32,155.48,79.75,1.07
509,Sandnessjøen,4,NO,1603933105,75,66.02,12.63,44.01,3.0
510,Indian Head,100,US,1603933105,98,38.6,-77.16,66.0,0.83
511,Rio Claro,0,BR,1603933105,43,-22.41,-47.56,73.94,2.59
512,Mahon,0,ES,1603933106,70,39.89,4.27,65.95,9.78
513,San Miguel de Tucumán,100,AR,1603932928,65,-26.82,-65.22,65.12,7.31
514,Vestmanna,80,FO,1603933106,88,62.16,-7.17,45.21,12.3
515,Dongsheng,0,CN,1603933106,69,39.82,109.98,39.0,6.04
516,Roald,100,NO,1603933025,79,62.58,6.13,46.99,5.99
517,Kautokeino,22,NO,1603933106,94,69.01,23.04,22.39,3.36
518,Akdepe,0,TM,1603933106,89,42.06,59.38,32.49,10.78
519,Rolla,100,US,1603933106,96,37.95,-91.77,44.01,3.0
520,Ust-Tsilma,100,RU,1603933106,87,65.44,52.15,41.99,19.39
521,Northam,100,GB,1603933019,90,51.03,-4.22,54.0,8.01
522,Zaysan,100,KZ,1603933107,86,47.47,84.87,32.92,3.56
523,Vila Franca do Campo,4,PT,1603933034,78,37.72,-25.43,66.0,8.5
524,Kalmunai,100,LK,1603933107,80,7.42,81.82,78.8,5.57
525,Angoche,0,MZ,1603933107,81,-16.23,39.91,74.39,1.57
526,Longyearbyen,97,SJ,1603933107,93,78.22,15.64,20.84,5.88
527,Anadyr,0,RU,1603933107,88,64.75,177.48,22.77,12.33
528,Pāvilosta,100,LV,1603933107,93,56.89,21.19,50.0,4.7
529,Rongcheng,31,CN,1603933107,81,30.63,117.85,69.01,5.5
530,Kolpashevo,100,RU,1603933108,94,58.31,82.91,12.56,11.39
531,Grants Pass,0,US,1603933108,25,42.44,-123.33,66.99,0.96
532,Nanortalik,100,GL,1603933108,92,60.14,-45.24,32.56,12.53
533,Severo-Yeniseyskiy,100,RU,1603933108,96,60.37,93.04,15.89,11.1
534,Talara,100,PE,1603932835,86,-4.58,-81.27,65.17,17.25
535,Níjar,64,ES,1603933108,63,36.97,-2.21,57.0,1.01
536,Kaohsiung City,43,TW,1603933108,86,22.62,120.31,82.0,1.99
537,Lakatoro,63,VU,1603933108,65,-16.1,167.42,81.86,14.85
538,Novosil',0,RU,1603933108,77,52.97,37.04,38.28,6.93
539,Hauterive,100,FR,1603932861,81,46.09,3.45,54.0,14.0
540,Nūzvīd,76,IN,1603933109,78,16.78,80.85,73.18,2.08
541,Felanitx,0,ES,1603933109,83,39.47,3.15,59.0,3.18
542,Prado,100,BR,1603933109,85,-17.34,-39.22,78.01,15.1
543,Dothan,100,US,1603933109,85,31.22,-85.39,79.0,5.01
544,São João da Barra,0,BR,1603933109,91,-21.64,-41.05,76.71,19.37
545,Porto Walter,52,BR,1603933109,65,-8.27,-72.74,81.64,2.48
546,Kamariótissa,100,GR,1603933109,67,40.48,25.47,66.69,5.88
547,Russell,100,US,1603933110,91,32.35,-85.2,75.99,1.99
548,Kurumkan,100,RU,1603933110,89,54.3,110.3,31.53,0.74
549,Rock Sound,26,BS,1603933031,78,24.9,-76.2,82.47,17.63
550,Tomatlán,1,MX,1603933110,88,19.93,-105.25,77.23,1.63
551,Tessalit,0,ML,1603933004,19,20.2,1.01,75.36,10.18
552,Kérouané,0,GN,1603933110,58,9.27,-9.02,70.21,3.02
553,Mehamn,100,NO,1603933110,89,71.04,27.85,37.67,7.54
554,Trelew,0,AR,1603933110,51,-43.25,-65.31,48.15,5.26
555,Aberdeen,2,GB,1603932838,59,57.14,-2.1,37.99,1.99
556,Saldanha,100,ZA,1603932996,88,-33.01,17.94,59.59,13.82
557,Salta,90,AR,1603932820,88,-24.79,-65.41,62.6,9.17
558,Sechura,93,PE,1603933111,76,-5.56,-80.82,66.94,14.81
559,Morgan City,100,US,1603933111,93,29.7,-91.21,73.99,8.99
560,Torrox,80,ES,1603933111,58,36.76,-3.95,59.0,4.0
561,Noumea,9,NC,1603933111,58,-22.28,166.46,79.57,11.05
562,Pastavy,100,BY,1603933111,87,55.12,26.83,51.39,7.92
563,Tiarei,6,PF,1603933111,94,-17.53,-149.33,75.0,17.0
564,Fonte Boa,17,BR,1603933111,87,-2.5,-66.27,78.31,1.5
565,Oranjemund,100,NA,1603933111,74,-28.55,16.43,59.65,3.18
566,Kot Samaba,0,PK,1603933112,35,28.55,70.47,63.21,3.22
567,‘Āhuimanu,0,US,1603933112,70,21.44,-157.84,84.0,3.0
568,Mogadishu,0,SO,1603933112,81,2.04,45.34,78.93,6.89
569,Mwene-Ditu,69,CD,1603933112,98,-7.0,23.45,65.73,4.05
570,Socuéllamos,0,ES,1603933112,91,39.29,-2.79,48.99,1.99
571,Guapiaçu,0,BR,1603933112,76,-20.8,-49.22,76.55,6.69
572,Cervo,100,ES,1603933112,86,43.67,-7.41,55.0,1.01
573,Umm Kaddadah,8,SD,1603933112,23,13.6,26.69,81.81,16.26
574,Baykit,99,RU,1603933000,95,61.67,96.37,23.34,3.65
575,Bambanglipuro,90,ID,1603932846,81,-7.95,110.28,79.74,1.32
576,Nemuro,100,JP,1603933113,72,43.32,145.57,53.37,27.31
577,Tabuk,100,PH,1603933014,78,17.42,121.44,79.81,2.21
578,Adolfo López Mateos,0,MX,1603933113,27,28.47,-107.3,51.01,11.01
579,Lumatil,40,PH,1603933113,66,5.87,124.89,83.77,2.46
580,San Jerónimo,26,PE,1603933113,54,-11.95,-75.28,56.8,3.18
581,Dalbandin,0,PK,1603933113,40,28.89,64.41,49.93,3.83
